[
{
  "model": "urbanfoods.user",
  "fields": {
    "password": "pbkdf2_sha256$600000$9RpNk0I2ZJDr4eSJhiBgG0$0lUiZ7h1pZEteoYyPcmMr4DfJgnibyeux9BqAuCdb5U=",
    "last_login": "2025-10-23T19:13:52.141Z",
    "is_superuser": true,
    "username": "admin",
    "first_name": "",
    "last_name": "",
    "email": "admin@example.com",
    "is_staff": true,
    "is_active": true,
    "date_joined": "2025-10-03T12:15:53Z",
    "phone_number": "",
    "default_hostel": "",
    "default_room": "",
    "student_email": null,
    "loyalty_points": 300,
    "is_verified": true,
    "groups": [],
    "user_permissions": []
  }
},
{
  "model": "urbanfoods.user",
  "fields": {
    "password": "pbkdf2_sha256$600000$9XanFsVTieX51exlcpJEwq$u1ys1I72uuxjSjCnFQXMuji+WLc/etOgv2lMm6qtltI=",
    "last_login": "2025-10-03T18:07:13Z",
    "is_superuser": true,
    "username": "mose",
    "first_name": "",
    "last_name": "",
    "email": "atindamoses@gmail.com",
    "is_staff": true,
    "is_active": true,
    "date_joined": "2025-10-03T18:07:12Z",
    "phone_number": "0790336262",
    "default_hostel": "",
    "default_room": "",
    "student_email": null,
    "loyalty_points": 0,
    "is_verified": true,
    "groups": [],
    "user_permissions": []
  }
},
{
  "model": "urbanfoods.user",
  "fields": {
    "password": "pbkdf2_sha256$600000$GPbHK6MSn2ppg3UfObfKgA$qG+tmmSUjer2ZufHIgNls5h2KADxbtWZBwiht1vAd58=",
    "last_login": "2025-10-09T16:59:55Z",
    "is_superuser": true,
    "username": "urbandreamscafe2",
    "first_name": "",
    "last_name": "",
    "email": "atindamoses@gmail.com",
    "is_staff": true,
    "is_active": true,
    "date_joined": "2025-10-09T16:46:37Z",
    "phone_number": "",
    "default_hostel": "",
    "default_room": "",
    "student_email": null,
    "loyalty_points": 0,
    "is_verified": true,
    "groups": [],
    "user_permissions": []
  }
}
]
